endTime,artistName,trackName,minPlayed,dayOfWeek,dayOfMonth,timeOfDay,date
2021-03-29 01:14:00,Birdtalker,Ankle Bone,0.84005,Monday,29,1,2021-03-29 00:00:00
2021-03-29 01:20:00,Low Roar,Easy Way Out,0.7308333333333333,Monday,29,1,2021-03-29 00:00:00
2021-03-29 01:20:00,Low Roar,I'll Keep Coming,5.872433333333333,Monday,29,1,2021-03-29 00:00:00
2021-04-05 20:43:00,Ana Santos,Pintinho amarelinho,0.12443333333333334,Monday,5,20,2021-04-05 00:00:00
2021-04-05 20:45:00,Virtual Orchestra,"Bobeou, Dançou",0.3845,Monday,5,20,2021-04-05 00:00:00
2021-04-05 20:46:00,Aline Romeiro,"Brilha, Brilha Estrelinha",1.5826666666666667,Monday,5,20,2021-04-05 00:00:00
2021-04-05 20:49:00,Aline Romeiro,Alecrim,2.2142166666666667,Monday,5,20,2021-04-05 00:00:00
2021-04-05 20:51:00,Simone Vioto,Mãezinha do Céu,2.6351,Monday,5,20,2021-04-05 00:00:00
2021-04-05 20:55:00,Isadora Canto,Pra Te Fazer Dormir,3.4,Monday,5,20,2021-04-05 00:00:00
2021-04-05 20:56:00,A Rainha De Cantigas De Roda,Se Essa Rua Fosse Minha,1.2083333333333333,Monday,5,20,2021-04-05 00:00:00
2021-04-05 20:59:00,Vera Lucia,Dorme Neném,2.9371,Monday,5,20,2021-04-05 00:00:00
2021-04-05 21:00:00,Hélio Ziskind,Boi da Cara Preta,1.6886666666666665,Monday,5,21,2021-04-05 00:00:00
2021-04-05 21:02:00,Bia Bedran,Dorme Menina,1.6341500000000002,Monday,5,21,2021-04-05 00:00:00
2021-04-13 15:51:00,Céu,Pot-Pourri: Fffree / Falta de Ar - Ao Vivo,11.123316666666666,Tuesday,13,15,2021-04-13 00:00:00
2021-04-13 15:55:00,Céu,Amor de Antigos - Ao Vivo,3.7471,Tuesday,13,15,2021-04-13 00:00:00
2021-04-13 15:59:00,Céu,Contravento - Ao Vivo,4.558000000000001,Tuesday,13,15,2021-04-13 00:00:00
2021-04-13 16:03:00,Céu,Comadi - Ao Vivo,3.3151,Tuesday,13,16,2021-04-13 00:00:00
2021-04-13 16:07:00,Céu,Retrovisor - Ao Vivo,4.176,Tuesday,13,16,2021-04-13 00:00:00
2021-04-13 16:11:00,Céu,Teju Na Estrada (Instrumental) - Ao Vivo,4.102216666666667,Tuesday,13,16,2021-04-13 00:00:00
2021-04-13 16:17:00,Céu,Pot-Pourri: Sereia / Grains de Beauté - Ao Vivo,6.584233333333333,Tuesday,13,16,2021-04-13 00:00:00
2021-04-13 16:23:00,Céu,Streets Bloom - Ao Vivo,5.368666666666667,Tuesday,13,16,2021-04-13 00:00:00
2021-04-13 16:29:00,Céu,Cangote - Ao Vivo,5.907766666666666,Tuesday,13,16,2021-04-13 00:00:00
2021-04-13 16:33:00,Céu,Piel Canela - Ao Vivo,3.8788833333333335,Tuesday,13,16,2021-04-13 00:00:00
2021-04-13 16:38:00,Céu,Mil e uma Noites de Amor - Ao Vivo,5.0091,Tuesday,13,16,2021-04-13 00:00:00
2021-04-13 16:41:00,Céu,10 Contados - Ao Vivo,3.445333333333333,Tuesday,13,16,2021-04-13 00:00:00
2021-04-13 16:44:00,Céu,Baile de Ilusão - Ao Vivo,2.940366666666667,Tuesday,13,16,2021-04-13 00:00:00
2021-04-13 16:44:00,Christ Community Church,Storm Strong,0.4941333333333333,Tuesday,13,16,2021-04-13 00:00:00
2021-04-13 18:15:00,Relaxing White Noise,Stormy Night Rain & Thunder | Peaceful Rainstorm White Noise for Studying or Sleep,90.36846666666666,Tuesday,13,18,2021-04-13 00:00:00
2021-04-16 02:52:00,Franz Ferdinand,Take Me Out,3.9504333333333337,Friday,16,2,2021-04-16 00:00:00
2021-04-16 02:55:00,The Neighbourhood,Scary Love,3.7111,Friday,16,2,2021-04-16 00:00:00
2021-04-16 02:59:00,Arctic Monkeys,No Buses,3.2886666666666664,Friday,16,2,2021-04-16 00:00:00
2021-04-16 03:17:00,Oasis,Wonderwall - Remastered,3.0507166666666667,Friday,16,3,2021-04-16 00:00:00
2021-04-20 19:23:00,Luati,DNA: Diretrizes de uma Nova Alma,0.7634666666666666,Tuesday,20,19,2021-04-20 00:00:00
2021-04-20 19:26:00,Oswaldo Montenegro,Gueixa,2.22985,Tuesday,20,19,2021-04-20 00:00:00
2021-04-20 19:28:00,Antonia Medeiros,Pro Gui,2.1290333333333336,Tuesday,20,19,2021-04-20 00:00:00
2021-04-20 19:29:00,Pierre Henry,Intérieur / Extérieur: 11. Agitation,0.7089,Tuesday,20,19,2021-04-20 00:00:00
2021-04-20 19:32:00,Arctic Monkeys,Fluorescent Adolescent,3.0648833333333334,Tuesday,20,19,2021-04-20 00:00:00
2021-04-20 19:37:00,Arctic Monkeys,Do I Wanna Know?,4.5399,Tuesday,20,19,2021-04-20 00:00:00
2021-04-20 19:40:00,Arctic Monkeys,Arabella,3.4559333333333333,Tuesday,20,19,2021-04-20 00:00:00
2021-04-20 19:43:00,Arctic Monkeys,Why'd You Only Call Me When You're High?,2.6853833333333332,Tuesday,20,19,2021-04-20 00:00:00
2021-04-20 19:47:00,Arctic Monkeys,No. 1 Party Anthem,4.052183333333334,Tuesday,20,19,2021-04-20 00:00:00
2021-04-20 19:50:00,Arctic Monkeys,Snap Out Of It,3.2171666666666665,Tuesday,20,19,2021-04-20 00:00:00
2021-04-20 19:53:00,Arctic Monkeys,Mardy Bum,2.924,Tuesday,20,19,2021-04-20 00:00:00
2021-04-20 19:56:00,Arctic Monkeys,When The Sun Goes Down,3.3688833333333337,Tuesday,20,19,2021-04-20 00:00:00
2021-04-20 19:59:00,Arctic Monkeys,Fake Tales Of San Francisco,2.9657666666666667,Tuesday,20,19,2021-04-20 00:00:00
2021-04-20 20:00:00,Arctic Monkeys,Dancing Shoes,0.6421833333333333,Tuesday,20,20,2021-04-20 00:00:00
2021-04-23 21:01:00,Vitão,Café,3.1739,Friday,23,21,2021-04-23 00:00:00
2021-04-23 21:04:00,Vitão,Edredom,2.878333333333333,Friday,23,21,2021-04-23 00:00:00
2021-04-23 21:06:00,Vitão,Pensa,2.3366666666666664,Friday,23,21,2021-04-23 00:00:00
2021-04-23 21:14:00,Vitão,Caderninho,7.2365,Friday,23,21,2021-04-23 00:00:00
2021-04-23 21:18:00,Vitão,Embrasa,3.947683333333333,Friday,23,21,2021-04-23 00:00:00
2021-04-23 21:21:00,BIN,Saturno,3.1157833333333333,Friday,23,21,2021-04-23 00:00:00
2021-04-23 23:36:00,BIN,Quase uma Semana,0.9995999999999999,Friday,23,23,2021-04-23 00:00:00
2021-04-25 21:01:00,Altamira,Acústico Altamira #13 - Amor,2.1429666666666667,Sunday,25,21,2021-04-25 00:00:00
2021-04-25 21:05:00,Orgânico,Dizeres,4.294083333333333,Sunday,25,21,2021-04-25 00:00:00
2021-04-25 21:08:00,Agnes Nunes,Cida,3.1,Sunday,25,21,2021-04-25 00:00:00
2021-04-25 21:13:00,BIN,Quase uma Semana,4.327866666666667,Sunday,25,21,2021-04-25 00:00:00
2021-04-25 21:15:00,Teto,M4,2.8333333333333335,Sunday,25,21,2021-04-25 00:00:00
2021-04-25 21:19:00,Orochi,Amor de Fim de Noite,3.6856999999999998,Sunday,25,21,2021-04-25 00:00:00
2021-04-25 21:23:00,OIK,Pedaço de Mim,3.371966666666667,Sunday,25,21,2021-04-25 00:00:00
2021-04-25 21:25:00,Nandx710,Meu Lado da História,2.5315999999999996,Sunday,25,21,2021-04-25 00:00:00
2021-04-25 21:29:00,Djonga,LEAL,3.544166666666667,Sunday,25,21,2021-04-25 00:00:00
2021-04-25 21:33:00,Papatinho,"Sem convite (feat. MODÉ$TIA, MC Cabelinho e Yoka)",4.12835,Sunday,25,21,2021-04-25 00:00:00
2021-04-25 23:39:00,Luiz Lins,Saudade,0.8943333333333333,Sunday,25,23,2021-04-25 00:00:00
2021-05-01 17:43:00,SÓ AS BRABA Records,Sigilo,1.8355666666666666,Saturday,1,17,2021-05-01 00:00:00
2021-05-01 17:50:00,Pineapple StormTv,Poesia Acústica 10: Recomeçar,7.1514,Saturday,1,17,2021-05-01 00:00:00
2021-05-01 17:54:00,Djonga,Procuro Alguém (prod. Coyote Beatz),3.5663833333333335,Saturday,1,17,2021-05-01 00:00:00
2021-05-01 17:57:00,Baco Exu do Blues,Ela É Gostosa Pra Caralho,3.05355,Saturday,1,17,2021-05-01 00:00:00
2021-05-01 18:00:00,Djonga,Todo Errado (prod. Coyote Beatz),3.2933333333333334,Saturday,1,18,2021-05-01 00:00:00
2021-05-01 18:02:00,L7NNON,Abre a porta,2.375,Saturday,1,18,2021-05-01 00:00:00
2021-05-01 18:07:00,L7NNON,Berenice (Papasessions #6) [feat. CALIFFA],5.025766666666667,Saturday,1,18,2021-05-01 00:00:00
2021-05-01 18:14:00,Pineapple StormTv,Poesia Acústica - Paris,7.0,Saturday,1,18,2021-05-01 00:00:00
2021-05-01 18:25:00,Pineapple StormTv,Poesia Acústica #8: Amor e Samba,10.243583333333333,Saturday,1,18,2021-05-01 00:00:00
2021-05-01 18:29:00,L7NNON,Perdição,4.583333333333333,Saturday,1,18,2021-05-01 00:00:00
2021-05-01 18:33:00,Luccas Carlos,Incomum - Ao Vivo,4.0381833333333335,Saturday,1,18,2021-05-01 00:00:00
2021-05-01 18:37:00,Vitão,Romeu E Julieta,3.4799833333333337,Saturday,1,18,2021-05-01 00:00:00
2021-05-01 18:40:00,Malibu,Se Prepara,3.04025,Saturday,1,18,2021-05-01 00:00:00
2021-05-01 18:43:00,Xamã,Uma Linda Mulher,3.466666666666667,Saturday,1,18,2021-05-01 00:00:00
2021-05-01 18:47:00,Orochi,Na Onda,3.3230666666666666,Saturday,1,18,2021-05-01 00:00:00
2021-05-01 18:52:00,Filipe Ret,Ilusão,1.8692,Saturday,1,18,2021-05-01 00:00:00
2021-05-01 19:01:00,Djonga,Procuro Alguém (prod. Coyote Beatz),7.003383333333333,Saturday,1,19,2021-05-01 00:00:00
2021-05-01 19:04:00,Djonga,Deus Dará (prod. Coyote Beatz),3.802,Saturday,1,19,2021-05-01 00:00:00
2021-05-01 19:07:00,Djonga,Amr Sinto Falta da Nssa Ksa (prod. Renan Samam),2.2758499999999997,Saturday,1,19,2021-05-01 00:00:00
2021-05-01 19:39:00,Djonga,Procuro Alguém (prod. Coyote Beatz),6.337483333333334,Saturday,1,19,2021-05-01 00:00:00
2021-05-02 14:22:00,Pineapple StormTv,Como Só Você no Mundo,2.4242333333333335,Sunday,2,14,2021-05-02 00:00:00
2021-05-02 14:24:00,Chris MC,Tchau,2.06315,Sunday,2,14,2021-05-02 00:00:00
2021-05-02 14:59:00,Djonga,VOZ,0.12098333333333335,Sunday,2,14,2021-05-02 00:00:00
2021-05-08 14:36:00,Djonga,Procuro Alguém (prod. Coyote Beatz),3.5663833333333335,Saturday,8,14,2021-05-08 00:00:00
2021-05-08 14:39:00,Baco Exu do Blues,Ela É Gostosa Pra Caralho,3.05355,Saturday,8,14,2021-05-08 00:00:00
2021-05-08 14:42:00,Djonga,Todo Errado (prod. Coyote Beatz),3.2933333333333334,Saturday,8,14,2021-05-08 00:00:00
2021-05-08 14:45:00,L7NNON,Abre a porta,2.375,Saturday,8,14,2021-05-08 00:00:00
2021-05-08 14:50:00,L7NNON,Berenice (Papasessions #6) [feat. CALIFFA],5.025766666666667,Saturday,8,14,2021-05-08 00:00:00
2021-05-08 14:57:00,Pineapple StormTv,Poesia Acústica - Paris,7.0,Saturday,8,14,2021-05-08 00:00:00
2021-05-08 16:17:00,Pineapple StormTv,Poesia Acústica #8: Amor e Samba,4.137783333333333,Saturday,8,16,2021-05-08 00:00:00
2021-05-09 17:57:00,Malibu,Onde Você Mora,4.222566666666667,Sunday,9,17,2021-05-09 00:00:00
2021-05-09 18:00:00,Guga Nandes,Presentinho - Ao Vivo,3.5421666666666667,Sunday,9,18,2021-05-09 00:00:00
2021-05-09 18:02:00,DONATTO,Só Você,2.216666666666667,Sunday,9,18,2021-05-09 00:00:00
2021-05-09 18:06:00,Agnes Nunes,Lisboa,3.02355,Sunday,9,18,2021-05-09 00:00:00
2021-05-09 18:09:00,Pk,Barcelona (Papasessions #2),3.7199999999999998,Sunday,9,18,2021-05-09 00:00:00
2021-05-09 18:13:00,Malibu,Nunca Encontrei,3.8208333333333333,Sunday,9,18,2021-05-09 00:00:00
2021-05-09 18:18:00,3030,Mundo de Ilusões 2012,4.686916666666666,Sunday,9,18,2021-05-09 00:00:00
2021-05-09 20:19:00,Cynthia Luz,Como Deus Quiser,1.5569333333333333,Sunday,9,20,2021-05-09 00:00:00
2021-05-25 01:32:00,Stone Temple Pilots,Trippin' on a Hole in a Paper Heart,0.40104999999999996,Tuesday,25,1,2021-05-25 00:00:00
2021-06-01 01:30:00,Djonga,Procuro Alguém (prod. Coyote Beatz),3.5663833333333335,Tuesday,1,1,2021-06-01 00:00:00
2021-06-01 01:33:00,Baco Exu do Blues,Ela É Gostosa Pra Caralho,3.05355,Tuesday,1,1,2021-06-01 00:00:00
2021-06-01 01:36:00,Djonga,Todo Errado (prod. Coyote Beatz),3.2933333333333334,Tuesday,1,1,2021-06-01 00:00:00
2021-06-01 01:38:00,L7NNON,Abre a porta,2.375,Tuesday,1,1,2021-06-01 00:00:00
2021-06-01 01:43:00,L7NNON,Berenice (Papasessions #6) [feat. CALIFFA],5.025766666666667,Tuesday,1,1,2021-06-01 00:00:00
2021-06-01 01:50:00,Pineapple StormTv,Poesia Acústica - Paris,7.0,Tuesday,1,1,2021-06-01 00:00:00
2021-06-01 02:01:00,Pineapple StormTv,Poesia Acústica #8: Amor e Samba,10.243583333333333,Tuesday,1,2,2021-06-01 00:00:00
2021-06-01 02:05:00,L7NNON,Perdição,4.583333333333333,Tuesday,1,2,2021-06-01 00:00:00
2021-06-01 02:09:00,Luccas Carlos,Incomum - Ao Vivo,4.0381833333333335,Tuesday,1,2,2021-06-01 00:00:00
2021-06-01 02:13:00,Vitão,Romeu E Julieta,3.4799833333333337,Tuesday,1,2,2021-06-01 00:00:00
2021-06-01 02:16:00,Malibu,Se Prepara,3.04025,Tuesday,1,2,2021-06-01 00:00:00
2021-06-01 02:19:00,Xamã,Uma Linda Mulher,3.466666666666667,Tuesday,1,2,2021-06-01 00:00:00
2021-06-01 02:23:00,Orochi,Na Onda,3.3230666666666666,Tuesday,1,2,2021-06-01 00:00:00
2021-06-01 02:26:00,Filipe Ret,Ilusão,3.62885,Tuesday,1,2,2021-06-01 00:00:00
2021-06-01 02:29:00,Budah,Estar Com Você,3.0,Tuesday,1,2,2021-06-01 00:00:00
2021-06-01 02:33:00,Kiaz,Cê Tá Bem,3.3333333333333335,Tuesday,1,2,2021-06-01 00:00:00
2021-06-01 03:10:00,Djonga,Mania (prod. Coyote Beatz),0.4062,Tuesday,1,3,2021-06-01 00:00:00
2021-06-01 04:03:00,Djonga,Mania (prod. Coyote Beatz),2.7133833333333333,Tuesday,1,4,2021-06-01 00:00:00
2021-06-01 04:07:00,Djonga,LEAL,3.544166666666667,Tuesday,1,4,2021-06-01 00:00:00
2021-06-01 04:10:00,BK,Planos,3.6555666666666666,Tuesday,1,4,2021-06-01 00:00:00
2021-06-01 04:25:00,Dfideliz,Mulher,0.6488666666666667,Tuesday,1,4,2021-06-01 00:00:00
2021-06-03 10:07:00,Djonga,Procuro Alguém (prod. Coyote Beatz),10.35535,Thursday,3,10,2021-06-03 00:00:00
2021-06-03 10:10:00,Baco Exu do Blues,Ela É Gostosa Pra Caralho,3.05355,Thursday,3,10,2021-06-03 00:00:00
2021-06-03 10:13:00,Djonga,Todo Errado (prod. Coyote Beatz),3.2933333333333334,Thursday,3,10,2021-06-03 00:00:00
2021-06-03 10:16:00,L7NNON,Abre a porta,2.21745,Thursday,3,10,2021-06-03 00:00:00
2021-06-03 10:19:00,L7NNON,Berenice (Papasessions #6) [feat. CALIFFA],3.5950166666666665,Thursday,3,10,2021-06-03 00:00:00
2021-06-03 10:21:00,Pineapple StormTv,Poesia Acústica - Paris,1.19135,Thursday,3,10,2021-06-03 00:00:00
2021-06-03 10:32:00,Pineapple StormTv,Poesia Acústica #8: Amor e Samba,7.374916666666667,Thursday,3,10,2021-06-03 00:00:00
2021-06-03 11:53:00,L7NNON,Perdição,4.583333333333333,Thursday,3,11,2021-06-03 00:00:00
2021-06-03 11:57:00,Luccas Carlos,Incomum - Ao Vivo,4.0381833333333335,Thursday,3,11,2021-06-03 00:00:00
2021-06-03 12:01:00,Vitão,Romeu E Julieta,3.4799833333333337,Thursday,3,12,2021-06-03 00:00:00
2021-06-03 12:03:00,Malibu,Se Prepara,2.1999333333333335,Thursday,3,12,2021-06-03 00:00:00
2021-06-03 12:04:00,Xamã,Uma Linda Mulher,1.37545,Thursday,3,12,2021-06-03 00:00:00
2021-06-03 12:05:00,Orochi,Na Onda,1.1071666666666669,Thursday,3,12,2021-06-03 00:00:00
2021-06-03 12:10:00,Djonga,O Cara de Óculos (prod. Coyote Beatz),4.166933333333334,Thursday,3,12,2021-06-03 00:00:00
2021-06-03 12:13:00,Djonga,Não Sei Rezar (prod. Coyote Beatz),3.0535,Thursday,3,12,2021-06-03 00:00:00
2021-06-03 12:17:00,Djonga,Oto Patamá (prod. Coyote Beatz),3.9671000000000003,Thursday,3,12,2021-06-03 00:00:00
2021-06-03 12:17:00,Djonga,Gelo (prod. Coyote Beatz),0.02025,Thursday,3,12,2021-06-03 00:00:00
2021-06-03 12:17:00,Djonga,Todo Errado (prod. Coyote Beatz),0.2528166666666667,Thursday,3,12,2021-06-03 00:00:00
2021-06-03 12:22:00,Djonga,Hoje Não (prod. Coyote Beatz),1.9128833333333333,Thursday,3,12,2021-06-03 00:00:00
2021-06-06 00:42:00,Djonga,Hoje Não (prod. Coyote Beatz),0.30291666666666667,Sunday,6,0,2021-06-06 00:00:00
2021-06-06 00:46:00,Djonga,Hoje Não (prod. Coyote Beatz),3.6696833333333334,Sunday,6,0,2021-06-06 00:00:00
2021-06-06 00:49:00,Djonga,Mania (prod. Coyote Beatz),3.112,Sunday,6,0,2021-06-06 00:00:00
2021-06-06 00:50:00,Djonga,Procuro Alguém (prod. Coyote Beatz),1.5586666666666666,Sunday,6,0,2021-06-06 00:00:00
2021-06-06 00:54:00,Djonga,Hoje Não (prod. Coyote Beatz),3.6696833333333334,Sunday,6,0,2021-06-06 00:00:00
2021-06-06 00:57:00,Djonga,Mania (prod. Coyote Beatz),3.112,Sunday,6,0,2021-06-06 00:00:00
2021-06-06 01:01:00,Djonga,Procuro Alguém (prod. Coyote Beatz),3.5663833333333335,Sunday,6,1,2021-06-06 00:00:00
2021-06-06 01:05:00,Djonga,Deus Dará (prod. Coyote Beatz),3.802,Sunday,6,1,2021-06-06 00:00:00
2021-06-06 01:07:00,Djonga,Amr Sinto Falta da Nssa Ksa (prod. Renan Samam),2.2758499999999997,Sunday,6,1,2021-06-06 00:00:00
2021-06-06 01:12:00,Djonga,O Cara de Óculos (prod. Coyote Beatz),4.166933333333334,Sunday,6,1,2021-06-06 00:00:00
2021-06-06 01:15:00,Djonga,Não Sei Rezar (prod. Coyote Beatz),3.0535,Sunday,6,1,2021-06-06 00:00:00
2021-06-06 01:19:00,Djonga,Oto Patamá (prod. Coyote Beatz),3.9671000000000003,Sunday,6,1,2021-06-06 00:00:00
2021-06-06 01:22:00,Djonga,Todo Errado (prod. Coyote Beatz),3.2933333333333334,Sunday,6,1,2021-06-06 00:00:00
2021-06-06 01:26:00,Djonga,Gelo (prod. Coyote Beatz),3.8181333333333334,Sunday,6,1,2021-06-06 00:00:00
2021-06-06 01:30:00,Djonga,Hoje Não (prod. Coyote Beatz),3.6696833333333334,Sunday,6,1,2021-06-06 00:00:00
2021-06-06 01:33:00,Djonga,Mania (prod. Coyote Beatz),0.016033333333333333,Sunday,6,1,2021-06-06 00:00:00
2021-06-06 01:33:00,Djonga,Mania (prod. Coyote Beatz),3.112,Sunday,6,1,2021-06-06 00:00:00
2021-06-06 01:33:00,Djonga,Procuro Alguém (prod. Coyote Beatz),0.10183333333333335,Sunday,6,1,2021-06-06 00:00:00
2021-06-06 01:36:00,Djonga,Hoje Não (prod. Coyote Beatz),3.6696833333333334,Sunday,6,1,2021-06-06 00:00:00
2021-06-06 01:40:00,Djonga,Mania (prod. Coyote Beatz),3.112,Sunday,6,1,2021-06-06 00:00:00
2021-06-06 01:48:00,Djonga,Procuro Alguém (prod. Coyote Beatz),3.5663833333333335,Sunday,6,1,2021-06-06 00:00:00
2021-06-06 01:52:00,Djonga,Deus Dará (prod. Coyote Beatz),3.802,Sunday,6,1,2021-06-06 00:00:00
2021-06-06 01:54:00,Djonga,Amr Sinto Falta da Nssa Ksa (prod. Renan Samam),2.2758499999999997,Sunday,6,1,2021-06-06 00:00:00
2021-06-06 01:58:00,Djonga,O Cara de Óculos (prod. Coyote Beatz),4.166933333333334,Sunday,6,1,2021-06-06 00:00:00
2021-06-06 02:00:00,Djonga,Não Sei Rezar (prod. Coyote Beatz),0.7548333333333334,Sunday,6,2,2021-06-06 00:00:00
2021-06-06 02:02:00,Mc Poze do Rodo,A Cara do Crime (Nós Incomoda),2.1104,Sunday,6,2,2021-06-06 00:00:00
2021-06-06 02:27:00,Tz da Coronel,Anota Placa,2.4545666666666666,Sunday,6,2,2021-06-06 00:00:00
2021-06-08 01:36:00,Vitão,Chamego,0.5262166666666667,Tuesday,8,1,2021-06-08 00:00:00
2021-06-08 22:24:00,slsd,Cara Amarrada,0.86115,Tuesday,8,22,2021-06-08 00:00:00
2021-06-10 20:54:00,slsd,Cara Amarrada,2.7583333333333333,Thursday,10,20,2021-06-10 00:00:00
2021-06-10 20:56:00,slsd,Cruzeiros,1.3940666666666668,Thursday,10,20,2021-06-10 00:00:00
2021-06-12 19:22:00,BK,Planos,0.21758333333333332,Saturday,12,19,2021-06-12 00:00:00
2021-06-12 19:24:00,L7NNON,Abre a porta,2.375,Saturday,12,19,2021-06-12 00:00:00
2021-06-12 19:25:00,L7NNON,Perdição,0.9759333333333333,Saturday,12,19,2021-06-12 00:00:00
2021-06-12 19:28:00,Vitão,Chamego,2.6315666666666666,Saturday,12,19,2021-06-12 00:00:00
2021-06-12 19:30:00,Vitão,Pensa,2.3366666666666664,Saturday,12,19,2021-06-12 00:00:00
2021-06-12 19:31:00,Leo Santana,SAMU,0.5082666666666666,Saturday,12,19,2021-06-12 00:00:00
2021-06-12 19:33:00,Vitão,CALIFORNIA / Citação: De Repente California,2.4842333333333335,Saturday,12,19,2021-06-12 00:00:00
2021-06-12 19:36:00,Vitão,Flores,2.5966333333333336,Saturday,12,19,2021-06-12 00:00:00
2021-06-12 19:38:00,Carol Biazin,Sempre Que Der,2.5283,Saturday,12,19,2021-06-12 00:00:00
2021-06-12 19:41:00,Vitão,Um Pouco De Você,2.7144333333333335,Saturday,12,19,2021-06-12 00:00:00
2021-06-12 19:43:00,Vitão,Pensa,2.3366666666666664,Saturday,12,19,2021-06-12 00:00:00
2021-06-12 19:47:00,Vitão,Tratamento Perfeito,3.5762,Saturday,12,19,2021-06-12 00:00:00
2021-06-12 19:49:00,Vitão,Maturidade,2.609783333333333,Saturday,12,19,2021-06-12 00:00:00
2021-06-12 19:52:00,Vitão,Calma,2.8273333333333333,Saturday,12,19,2021-06-12 00:00:00
2021-06-12 19:55:00,Vitão,Saudade,3.003333333333333,Saturday,12,19,2021-06-12 00:00:00
2021-06-12 19:59:00,Vitão,Romeu E Julieta,3.4799833333333337,Saturday,12,19,2021-06-12 00:00:00
2021-06-12 20:01:00,Vitão,Flores,2.5966333333333336,Saturday,12,20,2021-06-12 00:00:00
2021-06-12 20:04:00,Vitão,7 Chamadas,2.8985666666666665,Saturday,12,20,2021-06-12 00:00:00
2021-06-12 20:07:00,Vitão,Complicado,2.988983333333333,Saturday,12,20,2021-06-12 00:00:00
2021-06-12 20:10:00,Vitão,Mais Tarde,2.8176666666666668,Saturday,12,20,2021-06-12 00:00:00
2021-06-12 20:12:00,Vitão,Alô,2.113116666666667,Saturday,12,20,2021-06-12 00:00:00
2021-06-14 02:18:00,Djonga,Gelo (prod. Coyote Beatz),0.0010166666666666666,Monday,14,2,2021-06-14 00:00:00
2021-06-14 02:18:00,Djonga,Todo Errado (prod. Coyote Beatz),3.2933333333333334,Monday,14,2,2021-06-14 00:00:00
2021-06-14 02:20:00,Djonga,Mania (prod. Coyote Beatz),2.178366666666667,Monday,14,2,2021-06-14 00:00:00
2021-06-14 02:20:00,Djonga,Mania (prod. Coyote Beatz),0.016566666666666667,Monday,14,2,2021-06-14 00:00:00
2021-06-14 02:20:00,Djonga,Procuro Alguém (prod. Coyote Beatz),0.03141666666666667,Monday,14,2,2021-06-14 00:00:00
2021-06-14 02:20:00,Djonga,Procuro Alguém (prod. Coyote Beatz),0.00038333333333333334,Monday,14,2,2021-06-14 00:00:00
2021-06-14 02:20:00,Djonga,Hoje Não (prod. Coyote Beatz),0.011866666666666666,Monday,14,2,2021-06-14 00:00:00
2021-06-14 02:20:00,Djonga,Gelo (prod. Coyote Beatz),0.005666666666666667,Monday,14,2,2021-06-14 00:00:00
2021-06-14 02:20:00,Djonga,Deus Dará (prod. Coyote Beatz),0.047516666666666665,Monday,14,2,2021-06-14 00:00:00
2021-06-14 02:24:00,Djonga,Todo Errado (prod. Coyote Beatz),3.2933333333333334,Monday,14,2,2021-06-14 00:00:00
2021-06-14 02:25:00,Djonga,Gelo (prod. Coyote Beatz),1.07945,Monday,14,2,2021-06-14 00:00:00
2021-06-14 02:29:00,Djonga,Hoje Não (prod. Coyote Beatz),3.6696833333333334,Monday,14,2,2021-06-14 00:00:00
2021-06-14 02:30:00,Djonga,Mania (prod. Coyote Beatz),1.7947333333333333,Monday,14,2,2021-06-14 00:00:00
2021-06-14 02:34:00,Criolo,Sistema Obtuso,3.318833333333333,Monday,14,2,2021-06-14 00:00:00
2021-06-14 03:46:00,Froid,Teoria do Ciclo da Água,0.7759333333333333,Monday,14,3,2021-06-14 00:00:00
2021-06-14 11:30:00,Criolo,Sistema Obtuso,3.318833333333333,Monday,14,11,2021-06-14 00:00:00
2021-06-14 11:33:00,Froid,Teoria do Ciclo da Água,3.0072833333333335,Monday,14,11,2021-06-14 00:00:00
2021-06-14 11:36:00,Marcelo D2,Você Diz Que O Amor Não Dói,2.8744333333333336,Monday,14,11,2021-06-14 00:00:00
2021-06-14 11:41:00,Mano Brown,"Dance, Dance, Dance",4.4524333333333335,Monday,14,11,2021-06-14 00:00:00
2021-06-14 11:49:00,MC Hariel,Ilusão (Cracolândia),6.221266666666667,Monday,14,11,2021-06-14 00:00:00
2021-06-14 11:53:00,Edi Rock,Uq Cê Vai Fazer,3.2666666666666666,Monday,14,11,2021-06-14 00:00:00
2021-06-14 11:57:00,Edi Rock,Corre Neguin,4.250083333333333,Monday,14,11,2021-06-14 00:00:00
2021-06-14 12:00:00,Djonga,LEAL,3.544166666666667,Monday,14,12,2021-06-14 00:00:00
2021-06-14 12:06:00,Emicida,AmarElo (Sample: Sujeito de Sorte - Belchior),5.346666666666667,Monday,14,12,2021-06-14 00:00:00
2021-06-14 12:08:00,Emicida,Levanta e Anda,2.5073166666666666,Monday,14,12,2021-06-14 00:00:00
2021-06-14 12:14:00,Emicida,"Cananéia, Iguape e Ilha Comprida",5.593333333333334,Monday,14,12,2021-06-14 00:00:00
2021-06-14 12:18:00,Filipe Ret,Invicto,4.283133333333334,Monday,14,12,2021-06-14 00:00:00
2021-06-14 12:20:00,Djonga,O Cara de Óculos (prod. Coyote Beatz),2.2516333333333334,Monday,14,12,2021-06-14 00:00:00
2021-06-14 12:25:00,Filipe Ret,Invicto,4.283133333333334,Monday,14,12,2021-06-14 00:00:00
2021-06-14 12:29:00,Djonga,O Cara de Óculos (prod. Coyote Beatz),4.166933333333334,Monday,14,12,2021-06-14 00:00:00
2021-06-14 12:33:00,Djonga,Oto Patamá (prod. Coyote Beatz),3.9671000000000003,Monday,14,12,2021-06-14 00:00:00
2021-06-14 12:38:00,Don L,Aquela Fé,5.347066666666667,Monday,14,12,2021-06-14 00:00:00
2021-06-14 12:39:00,Kreepa,Oh No,0.4980333333333334,Monday,14,12,2021-06-14 00:00:00
2021-06-14 12:43:00,Criolo,Zica Vai Lá - Live,3.9724333333333335,Monday,14,12,2021-06-14 00:00:00
2021-06-14 12:46:00,Emicida,Dedo Na Ferida - Live,3.7693333333333334,Monday,14,12,2021-06-14 00:00:00
2021-06-14 12:49:00,Emicida,Rua Augusta - Live,2.9593333333333334,Monday,14,12,2021-06-14 00:00:00
2021-06-14 12:54:00,Criolo,Mariô - Live,4.458,Monday,14,12,2021-06-14 00:00:00
2021-06-14 12:57:00,Criolo,Subirusdoistiozin - Live,3.521333333333333,Monday,14,12,2021-06-14 00:00:00
2021-06-14 13:01:00,Criolo,Demorô - Live,3.562883333333333,Monday,14,13,2021-06-14 00:00:00
2021-06-14 13:05:00,Criolo,Viva (Melô Dos Vileiros) - Live,3.5660000000000003,Monday,14,13,2021-06-14 00:00:00
2021-06-14 13:08:00,Criolo,Só Mais Uma Noite - Live,3.144433333333333,Monday,14,13,2021-06-14 00:00:00
2021-06-14 13:14:00,Criolo,Não Existe Amor Em SP - Live,6.541333333333333,Monday,14,13,2021-06-14 00:00:00
2021-06-14 13:18:00,Criolo,Linha De Frente - Live,4.006216666666666,Monday,14,13,2021-06-14 00:00:00
2021-06-14 13:22:00,Criolo,A Cada Vento - Live,4.056216666666667,Monday,14,13,2021-06-14 00:00:00
2021-06-14 13:27:00,Emicida,Outras Palavras - Live,4.91355,Monday,14,13,2021-06-14 00:00:00
2021-06-14 13:31:00,Criolo,Lion Man - Live,4.128,Monday,14,13,2021-06-14 00:00:00
2021-06-14 13:35:00,Criolo,Grajauex - Live,3.1908833333333333,Monday,14,13,2021-06-14 00:00:00
2021-06-14 13:39:00,Criolo,Triunfo - Live,4.5571,Monday,14,13,2021-06-14 00:00:00
2021-06-14 13:41:00,Criolo,"Capítulo 4, Versículo 3 - Live",2.11755,Monday,14,13,2021-06-14 00:00:00
2021-06-14 13:46:00,Criolo,Vida Loka I - Live,4.530666666666666,Monday,14,13,2021-06-14 00:00:00
2021-06-14 13:52:00,Criolo,Bogotá - Live,6.162883333333334,Monday,14,13,2021-06-14 00:00:00
2021-06-14 13:58:00,Djonga,Oto Patamá (prod. Coyote Beatz),3.9671000000000003,Monday,14,13,2021-06-14 00:00:00
2021-06-14 14:01:00,Djonga,Todo Errado (prod. Coyote Beatz),3.2933333333333334,Monday,14,14,2021-06-14 00:00:00
2021-06-14 14:05:00,Djonga,Gelo (prod. Coyote Beatz),3.8181333333333334,Monday,14,14,2021-06-14 00:00:00
2021-06-14 14:09:00,Djonga,Hoje Não (prod. Coyote Beatz),3.6696833333333334,Monday,14,14,2021-06-14 00:00:00
2021-06-14 14:12:00,Djonga,Mania (prod. Coyote Beatz),3.112,Monday,14,14,2021-06-14 00:00:00
2021-06-14 14:15:00,Djonga,Procuro Alguém (prod. Coyote Beatz),3.5663833333333335,Monday,14,14,2021-06-14 00:00:00
2021-06-14 14:19:00,Djonga,Deus Dará (prod. Coyote Beatz),3.802,Monday,14,14,2021-06-14 00:00:00
2021-06-14 14:21:00,Djonga,Amr Sinto Falta da Nssa Ksa (prod. Renan Samam),2.2758499999999997,Monday,14,14,2021-06-14 00:00:00
2021-06-14 14:28:00,BIN,Apê 1001,2.857133333333333,Monday,14,14,2021-06-14 00:00:00
2021-06-14 14:33:00,L7NNON,Perdição,4.583333333333333,Monday,14,14,2021-06-14 00:00:00
2021-06-14 14:37:00,Papatinho,Traje de Verão (feat. Péricles),0.7241833333333333,Monday,14,14,2021-06-14 00:00:00
2021-06-14 14:40:00,Xamã,De Novo,2.4269499999999997,Monday,14,14,2021-06-14 00:00:00
2021-06-14 14:43:00,Filipe Ret,Ilusão,3.62885,Monday,14,14,2021-06-14 00:00:00
2021-06-14 14:46:00,Mc Poze do Rodo,Vida Louca,2.5945833333333335,Monday,14,14,2021-06-14 00:00:00
2021-06-14 14:48:00,Filipe Ret,Corte Americano,2.3255666666666666,Monday,14,14,2021-06-14 00:00:00
2021-06-14 14:50:00,Orochi,Na Onda,1.76,Monday,14,14,2021-06-14 00:00:00
2021-06-14 16:03:00,Pineapple StormTv,Poesia Acústica 10: Recomeçar,1.3191,Monday,14,16,2021-06-14 00:00:00
2021-06-14 20:42:00,Aerosmith,"I Don't Want to Miss a Thing - From ""Armageddon"" Soundtrack",0.5240333333333334,Monday,14,20,2021-06-14 00:00:00
2021-06-14 20:42:00,Aerosmith,Crazy,0.019966666666666667,Monday,14,20,2021-06-14 00:00:00
2021-06-14 20:47:00,Aerosmith,"I Don't Want to Miss a Thing - From ""Armageddon"" Soundtrack",4.9959999999999996,Monday,14,20,2021-06-14 00:00:00
2021-06-14 20:52:00,Aerosmith,"I Don't Want to Miss a Thing - From ""Armageddon"" Soundtrack",4.9959999999999996,Monday,14,20,2021-06-14 00:00:00
2021-06-14 20:57:00,Aerosmith,Crazy,5.278216666666666,Monday,14,20,2021-06-14 00:00:00
2021-06-14 21:02:00,Aerosmith,Cryin',5.138883333333334,Monday,14,21,2021-06-14 00:00:00
2021-06-14 21:07:00,Aerosmith,"I Don't Want to Miss a Thing - From ""Armageddon"" Soundtrack",4.979333333333333,Monday,14,21,2021-06-14 00:00:00
2021-06-14 21:13:00,Aerosmith,Amazing,5.936000000000001,Monday,14,21,2021-06-14 00:00:00
2021-06-14 21:16:00,Aerosmith,Pink,2.8129166666666667,Monday,14,21,2021-06-14 00:00:00
2021-06-14 21:19:00,Djonga,Easy Money,0.0,Monday,14,21,2021-06-14 00:00:00
2021-06-14 21:19:00,Djonga,Easy Money,3.186983333333333,Monday,14,21,2021-06-14 00:00:00
2021-06-14 21:22:00,Djonga,Easy Money,3.186983333333333,Monday,14,21,2021-06-14 00:00:00
2021-06-14 21:26:00,Djonga,Easy Money,3.186983333333333,Monday,14,21,2021-06-14 00:00:00
2021-06-14 21:29:00,Djonga,Easy Money,3.186983333333333,Monday,14,21,2021-06-14 00:00:00
2021-06-14 21:32:00,Djonga,Easy Money,0.09906666666666666,Monday,14,21,2021-06-14 00:00:00
2021-06-14 21:32:00,Djonga,Easy Money,3.186983333333333,Monday,14,21,2021-06-14 00:00:00
2021-06-14 21:35:00,Djonga,Nós,3.2299833333333337,Monday,14,21,2021-06-14 00:00:00
2021-06-14 21:39:00,Djonga,Ó Quem Chega,3.70365,Monday,14,21,2021-06-14 00:00:00
2021-06-14 21:43:00,Djonga,Xapralá,3.8105166666666666,Monday,14,21,2021-06-14 00:00:00
2021-06-14 21:47:00,Djonga,Me dá a Mão,3.5999166666666667,Monday,14,21,2021-06-14 00:00:00
2021-06-14 21:50:00,Djonga,Vírgula,3.1896,Monday,14,21,2021-06-14 00:00:00
2021-06-14 21:54:00,Djonga,Ricô,3.8804166666666666,Monday,14,21,2021-06-14 00:00:00
2021-06-14 21:58:00,Djonga,Dá pra ser?,3.94205,Monday,14,21,2021-06-14 00:00:00
2021-06-14 22:03:00,Djonga,Eu,5.172916666666667,Monday,14,22,2021-06-14 00:00:00
2021-06-14 22:06:00,Djonga,Nós,3.2299833333333337,Monday,14,22,2021-06-14 00:00:00
2021-06-14 22:10:00,Djonga,Ó Quem Chega,3.70365,Monday,14,22,2021-06-14 00:00:00
2021-06-14 22:14:00,Djonga,Xapralá,3.8105166666666666,Monday,14,22,2021-06-14 00:00:00
2021-06-14 22:17:00,Djonga,Me dá a Mão,3.5999166666666667,Monday,14,22,2021-06-14 00:00:00
2021-06-14 22:20:00,Djonga,Vírgula,3.1896,Monday,14,22,2021-06-14 00:00:00
2021-06-14 22:24:00,Djonga,Ricô,3.8804166666666666,Monday,14,22,2021-06-14 00:00:00
2021-06-14 22:28:00,Djonga,Dá pra ser?,3.94205,Monday,14,22,2021-06-14 00:00:00
2021-06-14 22:33:00,Djonga,Eu,5.172916666666667,Monday,14,22,2021-06-14 00:00:00
2021-06-14 22:37:00,Djonga,Nós,3.2299833333333337,Monday,14,22,2021-06-14 00:00:00
2021-06-14 22:40:00,Djonga,Ó Quem Chega,3.70365,Monday,14,22,2021-06-14 00:00:00
2021-06-14 22:44:00,Djonga,Hoje Não (prod. Coyote Beatz),3.6696833333333334,Monday,14,22,2021-06-14 00:00:00
2021-06-14 22:48:00,Djonga,O Cara de Óculos (prod. Coyote Beatz),4.166933333333334,Monday,14,22,2021-06-14 00:00:00
2021-06-14 22:52:00,Djonga,Nós,0.03593333333333334,Monday,14,22,2021-06-14 00:00:00
2021-06-14 22:52:00,Djonga,Mania (prod. Coyote Beatz),0.03716666666666667,Monday,14,22,2021-06-14 00:00:00
2021-06-14 22:52:00,Djonga,Procuro Alguém (prod. Coyote Beatz),3.5663833333333335,Monday,14,22,2021-06-14 00:00:00
2021-06-14 22:52:00,Djonga,Ó Quem Chega,0.011766666666666667,Monday,14,22,2021-06-14 00:00:00
2021-06-14 22:52:00,Djonga,Ó Quem Chega,0.04218333333333334,Monday,14,22,2021-06-14 00:00:00
2021-06-14 22:52:00,Djonga,Me dá a Mão,0.0,Monday,14,22,2021-06-14 00:00:00
2021-06-14 22:52:00,Djonga,Xapralá,0.010983333333333335,Monday,14,22,2021-06-14 00:00:00
2021-06-14 22:52:00,Djonga,Xapralá,0.00035,Monday,14,22,2021-06-14 00:00:00
2021-06-14 22:56:00,Djonga,Procuro Alguém (prod. Coyote Beatz),3.5663833333333335,Monday,14,22,2021-06-14 00:00:00
2021-06-14 23:35:00,Djonga,Mania (prod. Coyote Beatz),2.8508666666666667,Monday,14,23,2021-06-14 00:00:00
2021-06-15 17:07:00,Arctic Monkeys,The View From The Afternoon,1.36075,Tuesday,15,17,2021-06-15 00:00:00
2021-06-15 17:07:00,The Neighbourhood,Beautiful Oblivion (feat. IDK),0.2551333333333333,Tuesday,15,17,2021-06-15 00:00:00
2021-06-15 17:07:00,Arctic Monkeys,No. 1 Party Anthem,0.13351666666666664,Tuesday,15,17,2021-06-15 00:00:00
2021-06-15 17:10:00,Arctic Monkeys,Only Ones Who Know,3.079333333333333,Tuesday,15,17,2021-06-15 00:00:00
2021-06-15 17:12:00,Arctic Monkeys,Riot Van,2.248883333333333,Tuesday,15,17,2021-06-15 00:00:00
2021-06-15 17:15:00,Arctic Monkeys,I Wanna Be Yours,3.065933333333333,Tuesday,15,17,2021-06-15 00:00:00
2021-06-15 17:19:00,Arctic Monkeys,Piledriver Waltz,3.398,Tuesday,15,17,2021-06-15 00:00:00
2021-06-15 17:23:00,Arctic Monkeys,Secret Door,3.717766666666667,Tuesday,15,17,2021-06-15 00:00:00
2021-06-15 17:26:00,Arctic Monkeys,Fluorescent Adolescent,3.0648833333333334,Tuesday,15,17,2021-06-15 00:00:00
2021-06-15 17:29:00,Arctic Monkeys,Bigger Boys and Stolen Sweethearts,3.0106666666666664,Tuesday,15,17,2021-06-15 00:00:00
2021-06-15 17:31:00,Arctic Monkeys,Why'd You Only Call Me When You're High?,2.6853833333333332,Tuesday,15,17,2021-06-15 00:00:00
2021-06-15 17:36:00,Arctic Monkeys,Dance Little Liar,4.7248833333333335,Tuesday,15,17,2021-06-15 00:00:00
2021-06-15 17:41:00,Arctic Monkeys,Do I Wanna Know?,4.5399,Tuesday,15,17,2021-06-15 00:00:00
2021-06-15 17:44:00,Arctic Monkeys,Crying Lightning,3.7471,Tuesday,15,17,2021-06-15 00:00:00
2021-06-15 17:50:00,Arctic Monkeys,A Certain Romance,5.52,Tuesday,15,17,2021-06-15 00:00:00
2021-06-15 17:59:00,Arctic Monkeys,No. 1 Party Anthem,4.052183333333334,Tuesday,15,17,2021-06-15 00:00:00
2021-06-15 18:02:00,Arctic Monkeys,Suck It and See,3.766433333333333,Tuesday,15,18,2021-06-15 00:00:00
2021-06-15 18:06:00,Arctic Monkeys,Fire And The Thud,3.958883333333333,Tuesday,15,18,2021-06-15 00:00:00
2021-06-15 18:09:00,Arctic Monkeys,The Bakery,2.942,Tuesday,15,18,2021-06-15 00:00:00
2021-06-15 18:12:00,Arctic Monkeys,Mardy Bum,2.924,Tuesday,15,18,2021-06-15 00:00:00
2021-06-15 18:16:00,Arctic Monkeys,Snap Out Of It,3.2171666666666665,Tuesday,15,18,2021-06-15 00:00:00
2021-06-15 18:19:00,Arctic Monkeys,Love is a Laserquest,3.190433333333333,Tuesday,15,18,2021-06-15 00:00:00
2021-06-15 18:22:00,Arctic Monkeys,Cornerstone,3.2995500000000004,Tuesday,15,18,2021-06-15 00:00:00
2021-06-15 18:25:00,Arctic Monkeys,Too Much To Ask,3.0542166666666666,Tuesday,15,18,2021-06-15 00:00:00
2021-06-15 18:28:00,Arctic Monkeys,No Buses,3.2886666666666664,Tuesday,15,18,2021-06-15 00:00:00
2021-06-15 18:32:00,Arctic Monkeys,Mad Sounds,3.5835166666666667,Tuesday,15,18,2021-06-15 00:00:00
2021-06-15 18:35:00,Arctic Monkeys,Reckless Serenade,2.7124333333333337,Tuesday,15,18,2021-06-15 00:00:00
2021-06-15 18:38:00,Arctic Monkeys,Joining The Dots,3.316666666666667,Tuesday,15,18,2021-06-15 00:00:00
2021-06-15 18:41:00,Arctic Monkeys,Only Ones Who Know,3.079333333333333,Tuesday,15,18,2021-06-15 00:00:00
2021-06-15 18:43:00,Arctic Monkeys,Riot Van,2.248883333333333,Tuesday,15,18,2021-06-15 00:00:00
2021-06-15 18:46:00,Arctic Monkeys,I Wanna Be Yours,3.065933333333333,Tuesday,15,18,2021-06-15 00:00:00
2021-06-15 18:50:00,Arctic Monkeys,Piledriver Waltz,3.398,Tuesday,15,18,2021-06-15 00:00:00
2021-06-15 18:54:00,Arctic Monkeys,Secret Door,3.717766666666667,Tuesday,15,18,2021-06-15 00:00:00
2021-06-15 18:57:00,Arctic Monkeys,Fluorescent Adolescent,3.0648833333333334,Tuesday,15,18,2021-06-15 00:00:00
2021-06-15 19:00:00,Arctic Monkeys,Bigger Boys and Stolen Sweethearts,3.0106666666666664,Tuesday,15,19,2021-06-15 00:00:00
2021-06-15 19:02:00,Arctic Monkeys,Why'd You Only Call Me When You're High?,2.6853833333333332,Tuesday,15,19,2021-06-15 00:00:00
2021-06-15 19:07:00,Arctic Monkeys,Dance Little Liar,4.7248833333333335,Tuesday,15,19,2021-06-15 00:00:00
2021-06-15 19:12:00,Arctic Monkeys,Do I Wanna Know?,4.5399,Tuesday,15,19,2021-06-15 00:00:00
2021-06-15 19:15:00,Arctic Monkeys,Crying Lightning,3.7471,Tuesday,15,19,2021-06-15 00:00:00
2021-06-15 19:37:00,Arctic Monkeys,A Certain Romance,4.699333333333333,Tuesday,15,19,2021-06-15 00:00:00
2021-06-16 07:53:00,Djonga,Easy Money,3.186983333333333,Wednesday,16,7,2021-06-16 00:00:00
2021-06-16 07:57:00,Djonga,Procuro Alguém (prod. Coyote Beatz),3.339733333333333,Wednesday,16,7,2021-06-16 00:00:00
2021-06-16 08:10:00,Djonga,Easy Money,5.885083333333333,Wednesday,16,8,2021-06-16 00:00:00
2021-06-16 08:14:00,Djonga,Easy Money,3.186983333333333,Wednesday,16,8,2021-06-16 00:00:00
2021-06-16 08:17:00,Djonga,Easy Money,3.186983333333333,Wednesday,16,8,2021-06-16 00:00:00
2021-06-16 08:18:00,Djonga,Easy Money,0.33805,Wednesday,16,8,2021-06-16 00:00:00
2021-06-16 08:18:00,Pineapple StormTv,Poesia Acústica #9: Melhor Forma,0.3637166666666667,Wednesday,16,8,2021-06-16 00:00:00
2021-06-16 08:18:00,Pineapple StormTv,Eu Não Sou Tão Bom Assim,0.041699999999999994,Wednesday,16,8,2021-06-16 00:00:00
2021-06-16 08:24:00,Djonga,JUNHO DE 94,5.483466666666667,Wednesday,16,8,2021-06-16 00:00:00
2021-06-16 08:26:00,MC Caverinha,Meu Corre,2.8363500000000004,Wednesday,16,8,2021-06-16 00:00:00
2021-06-16 08:30:00,Djonga,TIPO,3.81795,Wednesday,16,8,2021-06-16 00:00:00
2021-06-16 08:34:00,Djonga,Procuro Alguém (prod. Coyote Beatz),3.5663833333333335,Wednesday,16,8,2021-06-16 00:00:00
2021-06-16 08:38:00,Djonga,Ó Quem Chega,3.70365,Wednesday,16,8,2021-06-16 00:00:00
2021-06-16 08:43:00,Djonga,UFA,5.8663,Wednesday,16,8,2021-06-16 00:00:00
2021-06-16 08:47:00,Djonga,LEAL,3.544166666666667,Wednesday,16,8,2021-06-16 00:00:00
2021-06-16 08:51:00,Djonga,O Mundo é Nosso,3.731533333333333,Wednesday,16,8,2021-06-16 00:00:00
2021-06-16 08:55:00,Djonga,Dá pra ser?,3.94205,Wednesday,16,8,2021-06-16 00:00:00
2021-06-16 08:58:00,Djonga,Easy Money,3.186983333333333,Wednesday,16,8,2021-06-16 00:00:00
2021-06-16 09:02:00,Djonga,Hoje Não (prod. Coyote Beatz),3.6696833333333334,Wednesday,16,9,2021-06-16 00:00:00
2021-06-16 09:06:00,Djonga,HAT TRICK,4.313583333333333,Wednesday,16,9,2021-06-16 00:00:00
2021-06-16 09:11:00,Djonga,Eu,5.537266666666667,Wednesday,16,9,2021-06-16 00:00:00
2021-06-16 09:15:00,Djonga,ETERNO,3.7731500000000002,Wednesday,16,9,2021-06-16 00:00:00
2021-06-16 09:19:00,Djonga,Gelo (prod. Coyote Beatz),3.8181333333333334,Wednesday,16,9,2021-06-16 00:00:00
2021-06-16 09:23:00,Djonga,BENÇA,3.7375833333333333,Wednesday,16,9,2021-06-16 00:00:00
2021-06-16 09:27:00,Djonga,Santa Ceia,4.654216666666667,Wednesday,16,9,2021-06-16 00:00:00
2021-06-16 09:31:00,Djonga,1010,3.9631499999999997,Wednesday,16,9,2021-06-16 00:00:00
2021-06-16 09:35:00,Djonga,1010,0.0173,Wednesday,16,9,2021-06-16 00:00:00
2021-06-16 09:35:00,Djonga,1010,0.0197,Wednesday,16,9,2021-06-16 00:00:00
2021-06-16 09:35:00,Djonga,Oto Patamá (prod. Coyote Beatz),0.16491666666666666,Wednesday,16,9,2021-06-16 00:00:00
2021-06-16 09:35:00,Djonga,Oto Patamá (prod. Coyote Beatz),3.540766666666667,Wednesday,16,9,2021-06-16 00:00:00
2021-06-16 09:35:00,Djonga,Santa Ceia,0.17831666666666665,Wednesday,16,9,2021-06-16 00:00:00
2021-06-16 09:39:00,Djonga,Corre das Notas,3.6380333333333335,Wednesday,16,9,2021-06-16 00:00:00
2021-06-16 09:42:00,Djonga,Entre o Código da Espada e o Perfume da Rosa,2.136883333333333,Wednesday,16,9,2021-06-16 00:00:00
2021-06-16 09:46:00,Djonga,Fantasmas,0.03623333333333333,Wednesday,16,9,2021-06-16 00:00:00
2021-06-16 09:46:00,Djonga,Esquimó,4.280166666666667,Wednesday,16,9,2021-06-16 00:00:00
2021-06-16 09:51:00,Djonga,Esquimó,4.280166666666667,Wednesday,16,9,2021-06-16 00:00:00
2021-06-16 09:55:00,Djonga,Esquimó,4.280166666666667,Wednesday,16,9,2021-06-16 00:00:00
2021-06-16 09:59:00,Djonga,Esquimó,4.280166666666667,Wednesday,16,9,2021-06-16 00:00:00
2021-06-16 10:03:00,Djonga,Esquimó,4.280166666666667,Wednesday,16,10,2021-06-16 00:00:00
2021-06-16 10:08:00,Djonga,Esquimó,4.280166666666667,Wednesday,16,10,2021-06-16 00:00:00
2021-06-16 10:12:00,Djonga,Esquimó,4.280166666666667,Wednesday,16,10,2021-06-16 00:00:00
2021-06-16 10:16:00,Djonga,Esquimó,4.280166666666667,Wednesday,16,10,2021-06-16 00:00:00
2021-06-16 10:21:00,Djonga,Esquimó,4.280166666666667,Wednesday,16,10,2021-06-16 00:00:00
2021-06-16 10:25:00,Djonga,Esquimó,4.280166666666667,Wednesday,16,10,2021-06-16 00:00:00
2021-06-16 10:29:00,Djonga,Esquimó,4.280166666666667,Wednesday,16,10,2021-06-16 00:00:00
2021-06-16 10:29:00,Djonga,Esquimó,0.09518333333333334,Wednesday,16,10,2021-06-16 00:00:00
2021-06-16 10:33:00,Djonga,Fantasmas,3.9431000000000003,Wednesday,16,10,2021-06-16 00:00:00
2021-06-16 10:38:00,Djonga,Santa Ceia,4.654216666666667,Wednesday,16,10,2021-06-16 00:00:00
2021-06-16 10:41:00,Djonga,Verdades Inventadas,2.88995,Wednesday,16,10,2021-06-16 00:00:00
2021-06-16 10:44:00,Djonga,Geminiano,2.9219500000000003,Wednesday,16,10,2021-06-16 00:00:00
2021-06-16 10:46:00,Djonga,Heresia,2.7861333333333334,Wednesday,16,10,2021-06-16 00:00:00
2021-06-16 10:49:00,Djonga,"Irmãos de Arma, Irmãos de Luta",2.1944833333333333,Wednesday,16,10,2021-06-16 00:00:00
2021-06-16 11:28:00,Djonga,O Mundo é Nosso,0.2968166666666667,Wednesday,16,11,2021-06-16 00:00:00
2021-06-16 22:55:00,Lana Del Rey,Norman fucking Rockwell,3.96515,Wednesday,16,22,2021-06-16 00:00:00
2021-06-19 09:16:00,Djonga,Todo Errado (prod. Coyote Beatz),3.2933333333333334,Saturday,19,9,2021-06-19 00:00:00
2021-06-19 09:20:00,Djonga,Gelo (prod. Coyote Beatz),3.8181333333333334,Saturday,19,9,2021-06-19 00:00:00
2021-06-19 09:23:00,Djonga,Hoje Não (prod. Coyote Beatz),3.6696833333333334,Saturday,19,9,2021-06-19 00:00:00
2021-06-19 09:26:00,Djonga,Mania (prod. Coyote Beatz),3.112,Saturday,19,9,2021-06-19 00:00:00
2021-06-19 09:30:00,Djonga,Procuro Alguém (prod. Coyote Beatz),3.5663833333333335,Saturday,19,9,2021-06-19 00:00:00
2021-06-19 09:34:00,Djonga,Deus Dará (prod. Coyote Beatz),3.802,Saturday,19,9,2021-06-19 00:00:00
2021-06-19 09:36:00,Djonga,Hoje Não (prod. Coyote Beatz),0.15308333333333335,Saturday,19,9,2021-06-19 00:00:00
2021-06-19 09:36:00,Djonga,Amr Sinto Falta da Nssa Ksa (prod. Renan Samam),2.2758499999999997,Saturday,19,9,2021-06-19 00:00:00
2021-06-19 09:37:00,Baco Exu do Blues,Me Desculpa Jay Z,0.32015,Saturday,19,9,2021-06-19 00:00:00
2021-06-19 09:41:00,Djonga,O Cara de Óculos (prod. Coyote Beatz),4.166933333333334,Saturday,19,9,2021-06-19 00:00:00
2021-06-19 09:44:00,Djonga,Não Sei Rezar (prod. Coyote Beatz),3.0535,Saturday,19,9,2021-06-19 00:00:00
2021-06-19 09:48:00,Djonga,Oto Patamá (prod. Coyote Beatz),3.9671000000000003,Saturday,19,9,2021-06-19 00:00:00
2021-06-19 09:51:00,Djonga,Todo Errado (prod. Coyote Beatz),3.2933333333333334,Saturday,19,9,2021-06-19 00:00:00
2021-06-19 09:55:00,Djonga,Gelo (prod. Coyote Beatz),3.8181333333333334,Saturday,19,9,2021-06-19 00:00:00
2021-06-19 09:59:00,Djonga,Mania (prod. Coyote Beatz),0.42153333333333337,Saturday,19,9,2021-06-19 00:00:00
2021-06-19 09:59:00,Djonga,Hoje Não (prod. Coyote Beatz),3.6696833333333334,Saturday,19,9,2021-06-19 00:00:00
2021-06-21 21:07:00,Pineapple StormTv,Eu Não Sou Tão Bom Assim,4.0421000000000005,Monday,21,21,2021-06-21 00:00:00
2021-06-21 21:11:00,Pineapple StormTv,Eu Não Sou Tão Bom Assim,4.0421000000000005,Monday,21,21,2021-06-21 00:00:00
2021-06-21 21:15:00,Pineapple StormTv,Eu Não Sou Tão Bom Assim,4.0421000000000005,Monday,21,21,2021-06-21 00:00:00
2021-06-21 21:19:00,Pineapple StormTv,Eu Não Sou Tão Bom Assim,3.9615333333333336,Monday,21,21,2021-06-21 00:00:00
2021-06-21 21:20:00,Tropa do Bruxo,Oclin e Evoque,0.8010333333333333,Monday,21,21,2021-06-21 00:00:00
2021-06-21 21:21:00,Djonga,Easy Money,1.00325,Monday,21,21,2021-06-21 00:00:00
2021-06-21 21:24:00,Cronixta,Deus É Mãe,0.33963333333333334,Monday,21,21,2021-06-21 00:00:00
2021-06-21 21:24:00,Cronixta,Deus É Mãe,3.3581166666666666,Monday,21,21,2021-06-21 00:00:00
2021-06-21 21:50:00,Duda Raupp,Janelas,0.7580333333333333,Monday,21,21,2021-06-21 00:00:00
2021-06-22 15:56:00,Duda Raupp,Janelas,2.6547666666666667,Tuesday,22,15,2021-06-22 00:00:00
2021-06-22 15:58:00,3030,Alma de Cigana - Acústico,2.4883666666666664,Tuesday,22,15,2021-06-22 00:00:00
2021-06-22 16:02:00,3030,Tempo de Se Amar - Acústico,3.576916666666667,Tuesday,22,16,2021-06-22 00:00:00
2021-06-22 16:06:00,3030,Lunar - Acústico,4.0111,Tuesday,22,16,2021-06-22 00:00:00
2021-06-22 16:16:00,3030,Céu - Acústico,0.7366333333333334,Tuesday,22,16,2021-06-22 00:00:00
2021-06-23 15:21:00,L7NNON,Muro De Berlim (Papasessions#9),1.0958666666666665,Wednesday,23,15,2021-06-23 00:00:00
2021-06-23 15:30:00,Pineapple StormTv,Poesia Acústica 11: Nada Mudou,10.0,Wednesday,23,15,2021-06-23 00:00:00
2021-06-23 15:33:00,Filipe Ret,Corte Americano,2.3255666666666666,Wednesday,23,15,2021-06-23 00:00:00
2021-06-23 15:35:00,Mc Poze do Rodo,Vida Louca,2.5945833333333335,Wednesday,23,15,2021-06-23 00:00:00
2021-06-23 15:39:00,L7NNON,Nada é pra sempre,3.8321166666666664,Wednesday,23,15,2021-06-23 00:00:00
2021-06-23 15:42:00,Djonga,Easy Money,3.186983333333333,Wednesday,23,15,2021-06-23 00:00:00
2021-06-23 15:44:00,Orochi,Reis da Revoada,1.8681833333333333,Wednesday,23,15,2021-06-23 00:00:00
2021-06-23 15:44:00,Costa Gold,O Pai Tá On,0.12213333333333334,Wednesday,23,15,2021-06-23 00:00:00
2021-06-23 15:48:00,Djonga,Nós,3.2299833333333337,Wednesday,23,15,2021-06-23 00:00:00
2021-06-23 15:49:00,Orochi,Amor de Fim de Noite,0.4082,Wednesday,23,15,2021-06-23 00:00:00
2021-06-23 15:49:00,Kawe,Mds,1.0767333333333333,Wednesday,23,15,2021-06-23 00:00:00
2021-06-23 15:49:00,L7NNON,Abre a porta,0.018733333333333334,Wednesday,23,15,2021-06-23 00:00:00
2021-06-23 15:53:00,Pineapple StormTv,Eu Não Sou Tão Bom Assim,4.0421000000000005,Wednesday,23,15,2021-06-23 00:00:00
2021-06-23 15:54:00,Djonga,O Cara de Óculos (prod. Coyote Beatz),0.6144499999999999,Wednesday,23,15,2021-06-23 00:00:00
2021-06-23 15:58:00,Pineapple StormTv,Eu Não Sou Tão Bom Assim,4.0421000000000005,Wednesday,23,15,2021-06-23 00:00:00
2021-06-23 15:58:00,Filipe Ret,Louco Pra Voltar - 2.0,0.059949999999999996,Wednesday,23,15,2021-06-23 00:00:00
2021-06-23 16:07:00,Pineapple StormTv,Poesia Acústica #6: Era uma Vez,9.630316666666666,Wednesday,23,16,2021-06-23 00:00:00
2021-06-23 16:11:00,Oriente,Mandona - Acústico,3.9999833333333332,Wednesday,23,16,2021-06-23 00:00:00
2021-06-23 16:15:00,Djonga,LEAL,3.544166666666667,Wednesday,23,16,2021-06-23 00:00:00
2021-06-23 16:25:00,Pineapple StormTv,Poesia Acústica #7: Céu Azul,9.533966666666666,Wednesday,23,16,2021-06-23 00:00:00
2021-06-23 16:29:00,Oriente,Praia do Rosa - Acústico,4.275383333333334,Wednesday,23,16,2021-06-23 00:00:00
2021-06-23 16:34:00,Pineapple StormTv,Poesia Acústica - Paris,2.3629333333333333,Wednesday,23,16,2021-06-23 00:00:00
2021-06-24 02:53:00,L7NNON,Muro De Berlim (Papasessions#9),3.7560833333333337,Thursday,24,2,2021-06-24 00:00:00
2021-06-24 02:56:00,BIN,Saturno,3.1157833333333333,Thursday,24,2,2021-06-24 00:00:00
2021-06-24 02:59:00,Borges,Seu Lugar,2.714583333333333,Thursday,24,2,2021-06-24 00:00:00
2021-06-24 03:03:00,L7NNON,Probleminha Diário (Papasessions #7),4.09375,Thursday,24,3,2021-06-24 00:00:00
2021-06-24 03:07:00,Altamira,Acústico Altamira #13 - Amor,4.2886,Thursday,24,3,2021-06-24 00:00:00
2021-06-24 03:18:00,Pineapple StormTv,Poesia Acústica 10: Recomeçar,11.380266666666667,Thursday,24,3,2021-06-24 00:00:00
2021-06-24 03:22:00,OIK,Pedaço de Mim,3.371966666666667,Thursday,24,3,2021-06-24 00:00:00
2021-06-24 03:24:00,Filipe Ret,War,2.5430333333333333,Thursday,24,3,2021-06-24 00:00:00
2021-06-24 03:27:00,Pineapple StormTv,Sem Graça,2.7560833333333337,Thursday,24,3,2021-06-24 00:00:00
2021-06-24 03:32:00,Mãolee,MNB Quase Acústico #4 - Coisa Louca,4.616333333333333,Thursday,24,3,2021-06-24 00:00:00
2021-06-24 03:36:00,L7NNON,Perdição,4.583333333333333,Thursday,24,3,2021-06-24 00:00:00
2021-06-24 03:39:00,Drizzy,Altamira Session #1 - Perdendo Você,2.75,Thursday,24,3,2021-06-24 00:00:00
2021-06-24 03:44:00,Pineapple StormTv,Poesia Acústica Ep. Acabou,4.5,Thursday,24,3,2021-06-24 00:00:00
2021-06-24 03:46:00,Sodré,Só foi,2.414283333333333,Thursday,24,3,2021-06-24 00:00:00
2021-06-24 04:04:00,Pineapple StormTv,Poesia Acústica #9: Melhor Forma,9.6096,Thursday,24,4,2021-06-24 00:00:00
2021-07-03 14:11:00,Arctic Monkeys,No. 1 Party Anthem,4.052183333333334,Saturday,3,14,2021-07-03 00:00:00
2021-07-03 14:14:00,Arctic Monkeys,Suck It and See,3.766433333333333,Saturday,3,14,2021-07-03 00:00:00
2021-07-03 14:18:00,Arctic Monkeys,Fire And The Thud,3.958883333333333,Saturday,3,14,2021-07-03 00:00:00
2021-07-03 14:21:00,Arctic Monkeys,The Bakery,2.942,Saturday,3,14,2021-07-03 00:00:00
2021-07-03 14:24:00,Arctic Monkeys,Mardy Bum,2.924,Saturday,3,14,2021-07-03 00:00:00
2021-07-03 14:28:00,Arctic Monkeys,Snap Out Of It,3.2171666666666665,Saturday,3,14,2021-07-03 00:00:00
2021-07-03 14:31:00,Arctic Monkeys,Love is a Laserquest,3.190433333333333,Saturday,3,14,2021-07-03 00:00:00
2021-07-03 14:33:00,Arctic Monkeys,Cornerstone,1.7304333333333333,Saturday,3,14,2021-07-03 00:00:00
2021-07-03 14:43:00,Pineapple StormTv,Poesia Acústica 11: Nada Mudou,10.0,Saturday,3,14,2021-07-03 00:00:00
2021-07-03 14:45:00,L7NNON,Muro De Berlim (Papasessions#9),2.3057333333333334,Saturday,3,14,2021-07-03 00:00:00
2021-07-03 14:50:00,3030,Ogum - Acústico,4.69475,Saturday,3,14,2021-07-03 00:00:00
2021-07-03 14:55:00,3030,Leis Próprias - Acústico,5.013683333333334,Saturday,3,14,2021-07-03 00:00:00
2021-07-03 14:58:00,3030,Vai Lá - Acústico,3.3927,Saturday,3,14,2021-07-03 00:00:00
2021-07-03 15:03:00,3030,Preciso Saber - Acústico,4.956083333333334,Saturday,3,15,2021-07-03 00:00:00
2021-07-03 15:08:00,3030,Homenagem a Vida - Acústico,4.854033333333334,Saturday,3,15,2021-07-03 00:00:00
2021-07-03 15:12:00,3030,Luz em Todo Morro - Acústico,4.674133333333333,Saturday,3,15,2021-07-03 00:00:00
2021-07-03 15:13:00,3030,Trismegisto - Acústico,1.02175,Saturday,3,15,2021-07-03 00:00:00
2021-07-13 20:27:00,Pineapple StormTv,Eu Não Sou Tão Bom Assim,4.0421000000000005,Tuesday,13,20,2021-07-13 00:00:00
2021-07-13 20:31:00,Filipe Ret,Louco Pra Voltar - 2.0,3.99605,Tuesday,13,20,2021-07-13 00:00:00
2021-07-13 20:40:00,Pineapple StormTv,Poesia Acústica #6: Era uma Vez,9.630316666666666,Tuesday,13,20,2021-07-13 00:00:00
2021-07-13 21:49:00,Oriente,Mandona - Acústico,2.577433333333333,Tuesday,13,21,2021-07-13 00:00:00
2021-07-14 13:18:00,Chris Cornell,"As Hope And Promise Fade - Recorded Live At Queen Elizabeth Theatre, Toronto, ON on April 20, 2011",3.7218500000000003,Wednesday,14,13,2021-07-14 00:00:00
2021-07-14 13:22:00,Johnny Cash,Wayfaring Stranger,3.332666666666667,Wednesday,14,13,2021-07-14 00:00:00
2021-07-14 13:25:00,Johnny Cash,In My Life,2.95,Wednesday,14,13,2021-07-14 00:00:00
2021-07-14 13:27:00,Chuck Berry,Roll Over Beethoven,2.4099999999999997,Wednesday,14,13,2021-07-14 00:00:00
2021-07-14 13:28:00,Colter Wall,Cowpoke,1.0562,Wednesday,14,13,2021-07-14 00:00:00
2021-07-14 13:29:00,Jerry Lee Lewis,Great Balls Of Fire,0.96095,Wednesday,14,13,2021-07-14 00:00:00
2021-07-14 13:30:00,Johnny Cash,"I Still Miss Someone - Live at Folsom State Prison, Folsom, CA (1st Show) - January 1968",0.08058333333333333,Wednesday,14,13,2021-07-14 00:00:00
2021-07-14 13:30:00,Patsy Cline,Crazy - Single Version,0.37255000000000005,Wednesday,14,13,2021-07-14 00:00:00
2021-07-14 13:33:00,Johnny Cash,Wayfaring Stranger,3.332666666666667,Wednesday,14,13,2021-07-14 00:00:00
2021-07-14 13:35:00,Johnny Cash,I Won't Back Down,2.1366666666666663,Wednesday,14,13,2021-07-14 00:00:00
2021-07-14 13:36:00,Johnny Cash,Solitary Man,1.2614333333333334,Wednesday,14,13,2021-07-14 00:00:00
2021-07-14 13:39:00,Pink Floyd,Breathe (In the Air),2.8255666666666666,Wednesday,14,13,2021-07-14 00:00:00
2021-07-14 13:44:00,Deep Purple,Love Don't Mean A Thing - 2009 Digital Remaster,4.412216666666667,Wednesday,14,13,2021-07-14 00:00:00
2021-07-14 13:48:00,George Harrison,Let It Down - Original Guitar And Vocal / Remastered 2014,3.9304333333333332,Wednesday,14,13,2021-07-14 00:00:00
2021-07-14 13:59:00,Pink Floyd,Pigs (Three Different Ones),11.431333333333333,Wednesday,14,13,2021-07-14 00:00:00
2021-07-14 14:02:00,The Beatles,I Me Mine - Remastered 2009,2.4264333333333337,Wednesday,14,14,2021-07-14 00:00:00
2021-07-14 14:05:00,The Cure,Another Day,3.7348833333333333,Wednesday,14,14,2021-07-14 00:00:00
2021-07-14 14:40:00,Sex Pistols,Problems,1.2712,Wednesday,14,14,2021-07-14 00:00:00
2021-07-15 13:29:00,Pineapple StormTv,Eu Não Sou Tão Bom Assim,4.0421000000000005,Thursday,15,13,2021-07-15 00:00:00
2021-07-15 13:33:00,Filipe Ret,Louco Pra Voltar - 2.0,3.99605,Thursday,15,13,2021-07-15 00:00:00
2021-07-15 13:39:00,Pineapple StormTv,Poesia Acústica #6: Era uma Vez,5.983183333333333,Thursday,15,13,2021-07-15 00:00:00
2021-07-15 13:42:00,Luan Otten,5458,3.12715,Thursday,15,13,2021-07-15 00:00:00
2021-07-15 13:45:00,Gloria Groove,A Tua Voz,3.2540833333333334,Thursday,15,13,2021-07-15 00:00:00
2021-07-15 13:48:00,Alta Hits,Um Vinho e Um Nude,2.8785000000000003,Thursday,15,13,2021-07-15 00:00:00
2021-07-15 13:53:00,TheFox,Complô,4.4622,Thursday,15,13,2021-07-15 00:00:00
2021-07-15 13:57:00,MADÚ,O Jeito Que Cê Faz,4.08885,Thursday,15,13,2021-07-15 00:00:00
2021-07-15 14:01:00,Pineapple StormTv,Poesia Acústica Ep. Acabou,4.5,Thursday,15,14,2021-07-15 00:00:00
2021-07-15 14:03:00,NALAH,Nós Dois,1.8032333333333335,Thursday,15,14,2021-07-15 00:00:00
2021-07-15 14:06:00,BIAB,Corpo Suado,2.810166666666667,Thursday,15,14,2021-07-15 00:00:00
2021-07-15 14:09:00,Catha,Drama Queen,2.8049000000000004,Thursday,15,14,2021-07-15 00:00:00
2021-07-15 14:11:00,Victor Sabri,Deixa pra Lá,2.6333166666666665,Thursday,15,14,2021-07-15 00:00:00
2021-07-15 14:14:00,Tainá Seabra,"Baby, Que Tal?",2.9566666666666666,Thursday,15,14,2021-07-15 00:00:00
2021-07-15 14:16:00,Indy Naíse,Lírios,1.5641,Thursday,15,14,2021-07-15 00:00:00
2021-07-15 14:17:00,Djonga,Procuro Alguém (prod. Coyote Beatz),1.3349333333333333,Thursday,15,14,2021-07-15 00:00:00
2021-07-15 14:21:00,Djonga,Todo Errado (prod. Coyote Beatz),3.2933333333333334,Thursday,15,14,2021-07-15 00:00:00
2021-07-15 14:24:00,Djonga,Procuro Alguém (prod. Coyote Beatz),3.5663833333333335,Thursday,15,14,2021-07-15 00:00:00
2021-07-15 14:27:00,L7NNON,Abre a porta,2.375,Thursday,15,14,2021-07-15 00:00:00
2021-07-15 14:29:00,L7NNON,Berenice (Papasessions #6) [feat. CALIFFA],2.37545,Thursday,15,14,2021-07-15 00:00:00
2021-07-15 14:34:00,Nirvana,Smells Like Teen Spirit,5.032,Thursday,15,14,2021-07-15 00:00:00
2021-07-15 14:39:00,Jimi Hendrix,Voodoo Child (Slight Return),5.222883333333333,Thursday,15,14,2021-07-15 00:00:00
2021-07-15 14:45:00,Metallica,Enter Sandman,5.521100000000001,Thursday,15,14,2021-07-15 00:00:00
2021-07-15 14:48:00,KISS,Rock And Roll All Nite,2.814,Thursday,15,14,2021-07-15 00:00:00
2021-07-15 14:52:00,Fleetwood Mac,Dreams,4.240883333333334,Thursday,15,14,2021-07-15 00:00:00
2021-07-15 14:59:00,David Bowie,Rebel Rebel - 2016 Remaster,3.6357166666666667,Thursday,15,14,2021-07-15 00:00:00
2021-07-15 15:03:00,The Romantics,What I Like About You,2.9233333333333333,Thursday,15,15,2021-07-15 00:00:00
2021-07-15 15:06:00,The Clash,Train in Vain (Stand by Me) - Remastered,3.1662166666666667,Thursday,15,15,2021-07-15 00:00:00
2021-07-15 15:09:00,Edie Brickell & New Bohemians,What I Am,3.01755,Thursday,15,15,2021-07-15 00:00:00
2021-07-15 15:10:00,Heart,Barracuda,0.9364833333333333,Thursday,15,15,2021-07-15 00:00:00
2021-07-15 15:16:00,Guns N' Roses,Sweet Child O' Mine,5.934433333333333,Thursday,15,15,2021-07-15 00:00:00
2021-07-15 15:27:00,Van Halen,Jump - 2015 Remaster,3.5484166666666668,Thursday,15,15,2021-07-15 00:00:00
2021-07-18 17:52:00,Tiago Iorc,De Todas As Coisas,0.5649833333333334,Sunday,18,17,2021-07-18 00:00:00
2021-07-18 17:56:00,Tiago Iorc,Sol Que Faltava - Ao Vivo,3.9276666666666666,Sunday,18,17,2021-07-18 00:00:00
2021-07-18 17:59:00,Tiago Iorc,Coisa Linda - Ao Vivo,3.1733166666666666,Sunday,18,17,2021-07-18 00:00:00
2021-07-18 18:02:00,Tiago Iorc,Mil Razões - Ao Vivo,3.45125,Sunday,18,18,2021-07-18 00:00:00
2021-07-18 18:06:00,Tiago Iorc,Eu Errei - Ao Vivo,4.16665,Sunday,18,18,2021-07-18 00:00:00
2021-07-18 18:09:00,Tiago Iorc,De Todas as Coisas - Ao Vivo,2.709616666666667,Sunday,18,18,2021-07-18 00:00:00
2021-07-18 18:12:00,Tiago Iorc,Mulher - Ao Vivo,2.45065,Sunday,18,18,2021-07-18 00:00:00
2021-07-18 18:12:00,The Kinks,Come On Now,0.46951666666666664,Sunday,18,18,2021-07-18 00:00:00
2021-07-18 18:13:00,The Velvet Underground,Pale Blue Eyes,0.8555333333333334,Sunday,18,18,2021-07-18 00:00:00
2021-07-18 18:17:00,Velvet Revolver,Slither,4.138433333333333,Sunday,18,18,2021-07-18 00:00:00
2021-07-18 18:18:00,Velvet Revolver,Fall to Pieces,1.1550833333333335,Sunday,18,18,2021-07-18 00:00:00
2021-07-18 18:29:00,Slipknot,Duality,2.8785666666666665,Sunday,18,18,2021-07-18 00:00:00
2021-07-18 18:31:00,Korn,Here to Stay,2.4513499999999997,Sunday,18,18,2021-07-18 00:00:00
2021-07-18 18:33:00,Pineapple StormTv,Poesia Acústica #9: Melhor Forma,0.32661666666666667,Sunday,18,18,2021-07-18 00:00:00
2021-07-18 18:33:00,Cronixta,Deus É Mãe,1.6466500000000002,Sunday,18,18,2021-07-18 00:00:00
2021-07-18 18:36:00,Djonga,Nós,3.2299833333333337,Sunday,18,18,2021-07-18 00:00:00
2021-07-18 18:36:00,Djonga,Ó Quem Chega,0.09991666666666667,Sunday,18,18,2021-07-18 00:00:00
2021-07-18 18:40:00,Djonga,Nós,3.2299833333333337,Sunday,18,18,2021-07-18 00:00:00
2021-07-18 18:43:00,Djonga,Ó Quem Chega,3.70365,Sunday,18,18,2021-07-18 00:00:00
2021-07-18 18:47:00,Djonga,Xapralá,3.8105166666666666,Sunday,18,18,2021-07-18 00:00:00
2021-07-18 18:51:00,Djonga,Vírgula,0.3298,Sunday,18,18,2021-07-18 00:00:00
2021-07-18 18:51:00,Djonga,Me dá a Mão,3.5069666666666666,Sunday,18,18,2021-07-18 00:00:00
2021-07-18 18:55:00,Djonga,O Cara de Óculos (prod. Coyote Beatz),4.166933333333334,Sunday,18,18,2021-07-18 00:00:00
2021-07-18 18:58:00,Djonga,Não Sei Rezar (prod. Coyote Beatz),3.0535,Sunday,18,18,2021-07-18 00:00:00
2021-07-18 19:01:00,Djonga,Oto Patamá (prod. Coyote Beatz),2.7089,Sunday,18,19,2021-07-18 00:00:00
2021-07-20 00:35:00,Norah Jones,Peace,3.8284333333333334,Tuesday,20,0,2021-07-20 00:00:00
2021-07-20 00:38:00,Norah Jones,Come Away With Me,3.309766666666667,Tuesday,20,0,2021-07-20 00:00:00
2021-07-20 00:42:00,Norah Jones,After The Fall,3.7046666666666668,Tuesday,20,0,2021-07-20 00:00:00
2021-07-20 00:46:00,Norah Jones,Heaven Above,4.2691,Tuesday,20,0,2021-07-20 00:00:00
2021-07-20 00:50:00,Norah Jones,Burn,4.653766666666667,Tuesday,20,0,2021-07-20 00:00:00
2021-07-20 00:54:00,Norah Jones,Stumble On My Way,3.8891,Tuesday,20,0,2021-07-20 00:00:00
2021-07-20 01:00:00,Norah Jones,Fleurette Africaine (African Flower),5.366433333333333,Tuesday,20,1,2021-07-20 00:00:00
2021-07-20 01:15:00,Norah Jones,Come Away With Me,0.022033333333333335,Tuesday,20,1,2021-07-20 00:00:00
2021-07-20 01:23:00,Norah Jones,After The Fall,0.017766666666666667,Tuesday,20,1,2021-07-20 00:00:00
2021-07-20 13:03:00,Gustavo Bertoni,"Old Ghosts, New Skin",4.053716666666667,Tuesday,20,13,2021-07-20 00:00:00
2021-07-20 13:06:00,ZAYN,Better,2.9086,Tuesday,20,13,2021-07-20 00:00:00
2021-07-20 13:09:00,James Bay,"Us - Recorded at Metropolis Studios, London",3.0515499999999998,Tuesday,20,13,2021-07-20 00:00:00
2021-07-20 13:12:00,Miley Cyrus,Angels Like You,3.2742166666666668,Tuesday,20,13,2021-07-20 00:00:00
2021-07-20 13:15:00,Giveon,Heartbreak Anniversary,3.306166666666667,Tuesday,20,13,2021-07-20 00:00:00
2021-07-20 13:19:00,Bruno Major,Old Soul,3.1111,Tuesday,20,13,2021-07-20 00:00:00
2021-07-20 13:23:00,Billie Eilish,Your Power,4.0982666666666665,Tuesday,20,13,2021-07-20 00:00:00
2021-07-20 13:26:00,Gustavo Bertoni,Be Here Now,3.652216666666667,Tuesday,20,13,2021-07-20 00:00:00
2021-07-20 13:29:00,Alaina Castillo,just a boy,3.0946833333333337,Tuesday,20,13,2021-07-20 00:00:00
2021-07-20 13:32:00,Justin Bieber,Off My Face,2.6077833333333333,Tuesday,20,13,2021-07-20 00:00:00
2021-07-20 13:35:00,Lana Del Rey,Let Me Love You Like A Woman,3.34435,Tuesday,20,13,2021-07-20 00:00:00
2021-07-20 13:38:00,John Mayer,Carry Me Away,2.652233333333333,Tuesday,20,13,2021-07-20 00:00:00
2021-07-20 13:43:00,Norah Jones,Were You Watching?,5.280883333333334,Tuesday,20,13,2021-07-20 00:00:00
2021-07-20 13:47:00,Conan Gray,Heather,3.3006666666666664,Tuesday,20,13,2021-07-20 00:00:00
2021-07-20 13:50:00,Sam Smith,Kids Again,3.4587999999999997,Tuesday,20,13,2021-07-20 00:00:00
2021-07-20 13:54:00,Niall Horan,"Lover - Recorded at Air Studios, London",3.9846,Tuesday,20,13,2021-07-20 00:00:00
2021-07-20 13:58:00,AURORA,Runaway,4.1471,Tuesday,20,13,2021-07-20 00:00:00
2021-07-20 14:02:00,Cody Simpson,golden thing,3.6550000000000002,Tuesday,20,14,2021-07-20 00:00:00
2021-07-20 14:05:00,Leon Bridges,Motorbike,3.1436166666666665,Tuesday,20,14,2021-07-20 00:00:00
2021-07-20 14:09:00,WATTS,Feels (feat. Khalid),3.6995666666666667,Tuesday,20,14,2021-07-20 00:00:00
2021-07-20 14:13:00,Ariana Grande,Stuck with U (with Justin Bieber),3.8080333333333334,Tuesday,20,14,2021-07-20 00:00:00
2021-07-20 14:16:00,John Legend,"U Move, I Move (feat. Jhene Aiko)",3.7322166666666665,Tuesday,20,14,2021-07-20 00:00:00
2021-07-20 14:19:00,FINNEAS,What They'll Say About Us,3.1266833333333333,Tuesday,20,14,2021-07-20 00:00:00
2021-07-20 14:23:00,Leah Nobel,Over the Moon,3.48135,Tuesday,20,14,2021-07-20 00:00:00
2021-07-20 14:25:00,Justin Bieber,Lonely (with benny blanco),2.4882833333333334,Tuesday,20,14,2021-07-20 00:00:00
2021-07-20 14:29:00,Travis,All Fall Down,3.458883333333333,Tuesday,20,14,2021-07-20 00:00:00
2021-07-20 14:32:00,Sebastian Yatra,My Only One (No Hay Nadie Más),3.304666666666667,Tuesday,20,14,2021-07-20 00:00:00
2021-07-20 14:36:00,Lauv,Modern Loneliness - acoustic,4.21135,Tuesday,20,14,2021-07-20 00:00:00
2021-07-20 14:40:00,Bryce Vine,Problems (feat. Grady),3.3847333333333336,Tuesday,20,14,2021-07-20 00:00:00
2021-07-20 14:43:00,Sasha Alex Sloan,Hypochondriac,3.374216666666667,Tuesday,20,14,2021-07-20 00:00:00
2021-07-20 14:47:00,John Legend,Conversations in the Dark,3.9570999999999996,Tuesday,20,14,2021-07-20 00:00:00
2021-07-20 14:50:00,Noah Cyrus,July,2.601766666666667,Tuesday,20,14,2021-07-20 00:00:00
2021-07-20 14:52:00,Tessa Violet,Words Ain't Enough,2.07275,Tuesday,20,14,2021-07-20 00:00:00
2021-07-20 14:55:00,Kevin Garrett,Factor In,3.4504333333333337,Tuesday,20,14,2021-07-20 00:00:00
2021-07-20 15:00:00,Yebba,Distance,4.263233333333334,Tuesday,20,15,2021-07-20 00:00:00
2021-07-20 15:03:00,PJ Harding,You Belong To Somebody Else,3.3190666666666666,Tuesday,20,15,2021-07-20 00:00:00
2021-07-20 15:07:00,Passenger,Let Her Go (Acoustic Version),4.44355,Tuesday,20,15,2021-07-20 00:00:00
2021-07-20 15:11:00,Ali Gatie,It's You,3.543433333333333,Tuesday,20,15,2021-07-20 00:00:00
2021-07-20 15:12:00,Demi Lovato,Still Have Me,1.1309666666666667,Tuesday,20,15,2021-07-20 00:00:00
2021-07-20 15:13:00,ZAYN,Dusk Till Dawn (feat. Sia) - Radio Edit,0.5483666666666667,Tuesday,20,15,2021-07-20 00:00:00
2021-07-20 15:16:00,Passenger,Sword from the Stone,3.362,Tuesday,20,15,2021-07-20 00:00:00
2021-07-20 15:20:00,Passenger,Simple Song,3.808,Tuesday,20,15,2021-07-20 00:00:00
2021-07-20 15:23:00,Passenger,The Way That I Love You - single version,2.6626833333333333,Tuesday,20,15,2021-07-20 00:00:00
2021-07-20 15:27:00,Passenger,Let Her Go (Acoustic Version),4.44355,Tuesday,20,15,2021-07-20 00:00:00
2021-07-20 15:30:00,Passenger,Sword from the Stone - Gingerbread Mix,2.8156666666666665,Tuesday,20,15,2021-07-20 00:00:00
2021-07-20 15:33:00,Passenger,London in the Spring - Acoustic,2.934883333333333,Tuesday,20,15,2021-07-20 00:00:00
2021-07-20 15:36:00,Passenger,Remember to Forget,3.644433333333333,Tuesday,20,15,2021-07-20 00:00:00
2021-07-20 15:40:00,Passenger,Simple Song,3.808,Tuesday,20,15,2021-07-20 00:00:00
2021-07-20 15:45:00,Passenger,Survivors - Acoustic,4.483583333333333,Tuesday,20,15,2021-07-20 00:00:00
2021-07-20 15:48:00,Passenger,Hell Or High Water,3.6744666666666665,Tuesday,20,15,2021-07-20 00:00:00
2021-07-20 15:52:00,Passenger,A Song for the Drunk and Broken Hearted,3.9873333333333334,Tuesday,20,15,2021-07-20 00:00:00
2021-07-20 15:57:00,Passenger,Nothing Aches Like a Broken Heart,4.270883333333333,Tuesday,20,15,2021-07-20 00:00:00
2021-07-20 16:01:00,Passenger,The Long Road,3.8699833333333333,Tuesday,20,16,2021-07-20 00:00:00
2021-07-20 16:05:00,Passenger,Life's for the Living,4.559333333333333,Tuesday,20,16,2021-07-20 00:00:00
2021-07-20 16:09:00,Passenger,Setting Suns - Live from Spotify London,4.193416666666667,Tuesday,20,16,2021-07-20 00:00:00
2021-07-20 16:13:00,Passenger,Anywhere,3.6034333333333333,Tuesday,20,16,2021-07-20 00:00:00
2021-07-20 16:16:00,Passenger,What You're Thinking,2.9102166666666665,Tuesday,20,16,2021-07-20 00:00:00
2021-07-20 16:19:00,Passenger,Holes,3.5528833333333334,Tuesday,20,16,2021-07-20 00:00:00
2021-07-20 16:23:00,Passenger,Catch in the Dark,3.4817666666666667,Tuesday,20,16,2021-07-20 00:00:00
2021-07-20 16:26:00,Passenger,I See Love,3.088216666666667,Tuesday,20,16,2021-07-20 00:00:00
2021-07-20 16:31:00,Passenger,Travelling Alone,5.078833333333334,Tuesday,20,16,2021-07-20 00:00:00
2021-07-20 16:34:00,Passenger,Fear of Fear,2.9783,Tuesday,20,16,2021-07-20 00:00:00
2021-07-20 16:38:00,Passenger,Young as the Morning Old as the Sea,3.43485,Tuesday,20,16,2021-07-20 00:00:00
2021-07-20 16:41:00,Passenger,Heart To Love,3.294433333333333,Tuesday,20,16,2021-07-20 00:00:00
2021-07-20 16:44:00,Passenger,The Boy Who Cried Wolf,3.2552166666666666,Tuesday,20,16,2021-07-20 00:00:00
2021-07-20 16:49:00,Passenger,Ghost Town,5.222700000000001,Tuesday,20,16,2021-07-20 00:00:00
2021-07-20 16:53:00,Passenger,Eagle Bear Buffalo,3.4042166666666662,Tuesday,20,16,2021-07-20 00:00:00
2021-07-20 16:57:00,Passenger,Heart's on Fire,4.219333333333333,Tuesday,20,16,2021-07-20 00:00:00
2021-07-20 17:02:00,Passenger,To Be Free,4.7968,Tuesday,20,17,2021-07-20 00:00:00
2021-07-20 17:05:00,Passenger,I'll Be Your Man,3.1897666666666664,Tuesday,20,17,2021-07-20 00:00:00
2021-07-20 17:08:00,Passenger,Let's Go,3.2453166666666666,Tuesday,20,17,2021-07-20 00:00:00
2021-07-20 17:12:00,Passenger,Fast Car (Cover),3.9302,Tuesday,20,17,2021-07-20 00:00:00
2021-07-20 17:15:00,Passenger,Why Can't I Change,3.1888666666666667,Tuesday,20,17,2021-07-20 00:00:00
2021-07-20 17:19:00,Passenger,Beautiful Birds (feat. Birdy),3.5617666666666663,Tuesday,20,17,2021-07-20 00:00:00
2021-07-20 17:22:00,Passenger,He Leaves You Cold,3.3613333333333335,Tuesday,20,17,2021-07-20 00:00:00
2021-07-20 17:25:00,Passenger,Runaway,3.1724,Tuesday,20,17,2021-07-20 00:00:00
2021-07-20 17:29:00,Passenger,Shape of Love,3.1408833333333335,Tuesday,20,17,2021-07-20 00:00:00
2021-07-20 17:32:00,Passenger,Rolling Stone,3.3795166666666665,Tuesday,20,17,2021-07-20 00:00:00
2021-07-20 17:35:00,Passenger,A Kindly Reminder,2.72275,Tuesday,20,17,2021-07-20 00:00:00
2021-07-20 17:40:00,Passenger,Hotel California (Cover),4.749516666666667,Tuesday,20,17,2021-07-20 00:00:00
2021-07-20 17:44:00,Passenger,When We Were Young,4.673566666666667,Tuesday,20,17,2021-07-20 00:00:00
2021-07-20 17:48:00,Passenger,Whispers,4.033833333333333,Tuesday,20,17,2021-07-20 00:00:00
2021-07-20 17:53:00,Passenger,Lanterns - Live from Spotify London,4.796433333333334,Tuesday,20,17,2021-07-20 00:00:00
2021-07-20 18:10:00,Passenger,All the Little Lights,2.5223,Tuesday,20,18,2021-07-20 00:00:00
2021-07-20 18:48:00,Fleet Foxes,Can I Believe You,4.069766666666667,Tuesday,20,18,2021-07-20 00:00:00
2021-07-20 18:52:00,Fleet Foxes,Mykonos,4.588433333333333,Tuesday,20,18,2021-07-20 00:00:00
2021-07-20 18:55:00,Fleet Foxes,White Winter Hymnal,2.4504333333333337,Tuesday,20,18,2021-07-20 00:00:00
2021-07-20 18:58:00,Fleet Foxes,"If You Need To, Keep Time on Me",3.5084333333333335,Tuesday,20,18,2021-07-20 00:00:00
2021-07-20 19:02:00,Fleet Foxes,Sunblind,4.226883333333333,Tuesday,20,19,2021-07-20 00:00:00
2021-07-20 19:07:00,Fleet Foxes,On Another Ocean (January / June),4.38955,Tuesday,20,19,2021-07-20 00:00:00
2021-07-20 19:10:00,Fleet Foxes,Maestranza,3.0562166666666664,Tuesday,20,19,2021-07-20 00:00:00
2021-07-20 19:15:00,Fleet Foxes,Helplessness Blues,5.056433333333334,Tuesday,20,19,2021-07-20 00:00:00
2021-07-20 19:19:00,Fleet Foxes,A Long Way Past The Past,3.9944333333333333,Tuesday,20,19,2021-07-20 00:00:00
2021-07-20 19:23:00,Fleet Foxes,Blue Ridge Mountains,4.429550000000001,Tuesday,20,19,2021-07-20 00:00:00
2021-07-20 19:28:00,Fleet Foxes,Jara,4.155333333333333,Tuesday,20,19,2021-07-20 00:00:00
2021-07-20 19:33:00,Fleet Foxes,Ragged Wood,5.120216666666667,Tuesday,20,19,2021-07-20 00:00:00
2021-07-20 19:36:00,Fleet Foxes,Tiger Mountain Peasant Song,3.4828833333333336,Tuesday,20,19,2021-07-20 00:00:00
2021-07-20 19:39:00,Fleet Foxes,"- Naiads, Cassadies",3.176,Tuesday,20,19,2021-07-20 00:00:00
2021-07-20 19:43:00,Fleet Foxes,Montezuma,3.610066666666667,Tuesday,20,19,2021-07-20 00:00:00
2021-07-20 19:47:00,Fleet Foxes,Featherweight,3.846883333333333,Tuesday,20,19,2021-07-20 00:00:00
2021-07-20 19:52:00,Fleet Foxes,Fool's Errand,4.806883333333333,Tuesday,20,19,2021-07-20 00:00:00
2021-07-20 20:00:00,Fleet Foxes,Third of May / Ōdaigahara,8.757100000000001,Tuesday,20,20,2021-07-20 00:00:00
2021-07-20 20:04:00,Fleet Foxes,I'm Not My Season,3.19,Tuesday,20,20,2021-07-20 00:00:00
2021-07-20 20:32:00,Fleet Foxes,The Shrine / An Argument,5.756216666666666,Tuesday,20,20,2021-07-20 00:00:00
